m0,m1
1,1
2,2
3,2
4,3
5,3
6,3
7,3
8,3
9,3
10,3
11,4
12,5
13,6
14,6
15,7
16,8
17,8
18,8
19,8
20,8
21,8
22,8
23,8
24,8
25,8
26,8
27,8
28,8
29,8
30,8
31,8
32,8
33,8
34,8
35,8
36,8
37,9
38,10
39,10
40,10
41,10
42,10
43,10
44,10
45,10
46,10
47,10
48,10
49,11
50,11
51,11
52,11
53,11
54,11
55,11
56,11
57,11
58,11
59,11
60,11
61,11
62,11
63,11
64,11
65,11
66,11
67,11
68,11
69,11
70,11
71,11
72,11
73,11
74,11
75,11
76,11
77,11
78,11
79,11
80,12
81,13
82,14
83,15
84,16
85,17
2,18
86,19
87,20
88,21
89,22
90,23
91,23
92,23
2,24
93,25
94,25
95,25
96,26
97,26
98,26
99,27
100,27
101,27
102,27
103,27
104,27
105,27
106,27
107,27
108,27
109,27
110,28
111,28
112,28
113,28
114,28
115,28
116,28
117,28
118,28
119,28
120,28
121,28
122,28
123,28
124,28
125,29
126,30
127,31
128,32
129,33
130,34
131,35
132,36
133,37
134,38
135,39
136,39
137,39
138,40
139,41
140,41
141,42
142,42
143,42
144,42
145,42
146,42
147,42
148,42
149,42
150,42
151,42
152,42
153,42
154,42
155,42
156,42
157,42
158,42
159,42
160,43
161,44
162,44
163,44
164,44
165,44
166,44
167,44
168,44
169,45
170,46
171,47
172,47
173,48
174,49
175,49
176,49
177,49
178,49
179,49
180,49
181,49
182,50
183,51
184,51
185,51
186,51
187,51
188,52
189,52
190,52
191,52
192,52
193,52
194,52
195,52
196,52
197,52
198,52
199,52
200,52
201,52
202,52
203,52
204,52
205,52
206,52
207,52
208,52
209,52
210,52
211,52
212,52
213,52
214,52
215,52
216,52
217,52
218,52
219,52
220,52
221,52
222,52
223,52
224,52
225,52
226,52
227,52
228,52
229,52
230,52
231,52
232,52
233,52
234,52
235,52
236,52
237,53
238,53
239,54
240,55
241,56
242,57
243,57
244,57
245,57
246,57
247,57
248,57
249,57
250,58
251,59
252,60
253,61
254,62
255,63
256,64
257,65
258,66
259,67
260,67
261,67
262,68
263,69
264,69
265,70
266,71
267,71
268,71
269,71
270,71
271,71
272,71
273,71
274,72
275,73
276,74
277,75
278,76
279,76
280,77
281,77
282,78
283,79
284,80
285,81
286,82
287,83
288,84
289,85
290,86
291,87
292,88
293,88
294,89
295,90
241,91
296,92
297,93
298,94
299,95
300,95
301,95
302,95
303,95
304,96
305,96
306,97
307,98
308,99
309,100
310,100
311,101
312,102
313,103
314,104
315,105
316,106
317,106
318,106
319,106
320,106
321,106
322,106
323,106
324,106
325,106
326,106
327,106
328,106
329,106
330,106
331,106
332,106
333,106
334,107
335,107
336,107
337,107
338,107
339,107
340,107
341,107
342,108
343,109
344,110
345,110
346,110
347,110
348,110
349,110
350,110
351,110
352,110
353,110
354,110
355,110
356,110
357,111
358,112
359,112
360,112
361,112
362,112
363,112
364,112
365,112
366,112
367,112
368,112
369,112
370,112
371,112
372,112
373,112
374,112
375,112
376,112
377,112
378,112
379,112
380,112
381,112
382,112
383,112
384,112
385,112
386,112
387,112
388,112
389,112
390,112
391,112
392,112
393,112
394,112
395,112
396,112
397,112
398,112
399,112
400,112
401,112
402,112
403,112
404,112
405,112
406,112
407,112
408,112
409,112
410,112
411,112
412,112
413,112
414,112
415,112
416,112
417,112
418,112
419,112
420,112
421,112
422,112
423,112
424,112
425,112
426,112
427,112
428,112
429,112
430,112
431,112
432,112
433,112
434,112
435,112
436,112
437,112
438,112
439,112
440,112
441,112
442,112
443,112
444,112
445,112
446,112
447,112
448,112
449,112
450,112
451,112
452,112
453,112
454,112
455,112
456,112
457,112
458,112
459,112
460,112
461,112
462,112
463,112
464,112
465,112
466,112
467,112
468,112
469,112
470,112
471,112
472,112
473,112
474,112
475,112
476,112
477,112
478,112
479,112
480,112
481,112
482,112
483,112
484,112
485,112
486,112
487,112
488,112
489,112
490,112
491,112
492,112
493,112
494,112
495,112
496,112
497,112
498,112
499,112
500,112
501,112
502,112
503,112
504,112
505,112
506,112
507,112
508,112
509,112
510,112
511,112
512,112
513,112
514,112
515,112
516,112
517,112
518,112
519,112
520,112
521,112
522,112
523,112
524,112
525,112
526,112
527,112
528,112
529,112
530,112
531,112
532,112
533,112
534,112
535,112
536,112
537,112
538,112
539,112
540,112
541,112
542,112
543,112
544,112
545,112
546,112
547,112
548,112
549,112
550,112
551,112
552,112
553,112
554,112
555,112
556,113
557,114
558,115
559,116
560,116
561,116
562,116
563,116
564,116
565,116
566,116
567,116
568,116
569,116
570,116
571,116
572,116
573,116
574,116
575,116
576,116
577,116
578,116
579,116
580,116
581,116
582,116
583,116
584,116
585,116
586,116
587,116
588,116
589,116
590,116
591,116
592,116
593,116
594,116
595,116
596,116
597,117
598,117
599,117
600,118
601,118
602,119
603,120
604,121
605,122
606,123
607,124
608,125
609,126
610,126
611,127
612,128
613,129
614,130
615,130
616,130
617,130
618,131
619,131
620,131
621,131
622,131
623,131
624,131
625,131
626,131
627,131
628,131
629,131
630,131
631,131
632,131
633,131
634,132
635,133
636,134
637,135
638,135
299,135
639,135
640,135
641,135
642,135
643,135
644,135
645,135
646,136
647,137
648,138
649,139
650,139
651,139
652,139
653,139
654,139
444,139
382,139
655,139
656,139
657,139
471,139
378,139
658,139
398,139
659,139
660,139
548,139
661,139
662,139
431,139
663,139
664,139
528,139
665,139
666,139
667,139
668,139
669,139
670,139
671,139
672,139
535,139
673,139
674,139
404,139
675,139
676,139
549,139
516,139
677,139
508,139
538,139
678,139
679,139
680,139
432,139
681,139
452,139
682,139
400,139
683,139
684,139
685,139
686,139
550,139
687,139
688,139
689,139
690,139
691,139
692,139
693,139
694,139
695,139
524,139
388,139
397,139
696,139
697,139
698,139
699,140
700,140
701,140
2,141
702,142
703,143
704,143
705,143
2,144
706,145
707,146
708,146
709,147
710,148
711,149
712,150
713,150
714,150
715,151
716,152
717,153
718,154
719,154
720,154
721,155
722,156
723,157
724,157
172,158
725,159
726,159
727,159
728,159
729,160
730,160
731,160
732,160
733,160
734,160
735,160
736,160
737,160
738,160
2,161
739,161
740,162
741,163
742,164
743,165
744,166
745,166
746,166
747,166
748,166
749,166
750,166
751,167
752,168
753,169
754,170
755,171
756,172
757,173
758,173
759,173
760,173
761,173
762,173
763,173
764,173
765,173
766,173
767,173
768,173
769,173
770,173
241,174
771,175
772,175
773,175
774,175
775,175
776,175
777,175
778,175
779,175
780,175
781,175
782,175
783,175
784,175
785,175
786,175
787,175
788,175
789,175
790,175
791,175
792,175
793,175
794,175
795,175
796,175
797,175
798,175
799,176
800,176
801,176
802,177
803,177
804,178
805,178
806,179
807,180
808,180
809,181
810,181
811,181
812,181
813,181
814,181
815,181
816,182
817,183
818,184
819,185
820,186
821,187
822,187
823,187
824,187
825,187
826,187
827,187
828,187
829,187
830,187
831,187
832,187
833,187
834,187
835,187
836,187
837,187
838,187
839,187
840,187
841,187
842,188
843,189
844,190
845,191
846,191
847,191
848,191
849,191
850,191
851,191
852,191
853,192
853,193
854,194
855,195
856,196
857,196
858,196
859,196
860,197
861,198
862,199
863,200
864,200
865,201
866,202
867,203
868,203
869,203
870,203
871,203
872,203
873,203
874,203
875,203
876,203
877,203
878,203
879,204
880,205
881,206
882,207
883,208
884,208
885,209
2,210
440,210
886,210
887,210
545,210
888,210
650,210
889,210
890,210
891,210
892,210
893,210
894,210
547,210
432,210
895,210
896,210
553,210
446,210
897,210
513,210
898,210
899,210
900,210
488,210
901,210
902,210
428,210
903,210
904,210
905,210
906,210
907,210
451,210
908,210
909,210
910,210
911,211
435,212
912,212
913,212
914,212
915,212
916,212
917,212
918,212
919,212
920,212
921,212
922,212
923,212
924,212
925,212
926,212
927,212
928,212
929,212
930,212
931,212
932,212
933,212
934,212
935,212
936,212
937,212
938,212
939,212
940,212
941,212
942,212
943,212
944,212
945,212
946,212
947,212
948,212
949,212
950,212
951,212
952,212
953,212
954,212
955,212
956,212
957,212
958,212
959,213
960,214
961,214
962,214
963,214
964,214
965,214
966,214
967,214
968,214
969,214
970,214
971,214
972,214
973,214
974,214
975,214
976,214
977,214
978,214
979,214
980,214
981,214
982,214
983,214
984,214
985,214
986,214
987,214
988,214
989,214
990,214
991,214
992,214
993,214
994,214
995,214
996,214
997,214
998,214
999,214
1000,214
1001,214
1002,214
1003,214
1004,214
1005,215
1006,216
1007,216
1008,216
1009,216
1010,216
1011,216
1012,216
1013,216
1014,216
1015,217
1016,217
1017,218
1018,219
1019,220
1020,220
1021,221
1022,222
1023,223
1024,224
1025,225
1026,222
1027,226
1028,227
1029,227
1030,227
1031,227
1032,227
1033,227
1034,227
1035,228
1036,229
1037,229
1038,230
1039,230
1040,230
1041,230
1042,230
1043,230
1044,231
38,232
38,233
241,234
1045,235
1046,235
1047,235
1048,235
1049,235
1050,235
1051,235
1052,235
1053,235
1054,235
1055,235
1056,235
1057,235
1058,235
1059,235
1060,235
1061,235
1062,235
1063,235
1064,235
1065,235
1066,235
1067,235
1068,235
1069,236
1070,237
1071,238
1072,239
1073,239
2,239
1074,240
1075,240
1076,240
1077,240
1078,240
1079,240
1080,240
1081,240
1082,240
1083,240
1084,241
1085,241
1086,241
1087,241
1088,241
1089,241
1090,241
1091,241
1092,241
1093,241
1094,241
1095,241
2,242
1096,242
1097,242
1098,242
1099,242
1100,242
1101,242
1102,242
1103,242
1104,242
1105,242
1106,242
1107,242
1108,242
1109,242
1110,242
1111,242
1112,242
1113,242
1114,242
1115,242
1116,243
1117,244
1118,244
2,244
1119,245
1120,245
1121,245
1122,245
1123,245
1124,245
2,245
1125,246
1068,247
1126,248
1127,248
1128,248
1129,248
1130,248
1131,248
1132,248
1133,248
1134,248
1135,248
1136,248
1137,248
895,248
1138,248
1139,249
1140,249
1141,249
1142,249
1143,249
542,250
1144,250
1145,250
456,250
1146,250
1147,250
1148,250
1149,250
1150,250
554,250
488,250
1151,250
547,250
529,250
1152,250
546,250
462,250
1153,250
1154,250
460,250
1155,250
493,250
1156,250
1157,250
531,250
509,250
1158,250
461,250
439,250
532,250
530,250
1159,250
1160,250
1161,250
428,250
1162,250
1163,250
1164,250
551,250
447,250
1165,250
1166,250
459,250
1167,250
454,250
441,250
1168,250
891,250
1169,250
1170,250
1171,250
515,250
484,250
479,250
1172,250
1173,250
1174,250
540,250
507,250
1175,250
517,250
505,250
1176,250
478,250
888,250
467,250
1177,250
1178,250
1179,250
451,250
506,250
905,250
1180,250
1181,250
1182,250
1183,250
1184,250
1185,250
1186,250
445,250
1187,250
1188,250
1189,251
1190,252
1191,252
1192,252
241,252
1193,253
1194,254
1195,255
1196,256
1130,257
1197,257
1135,257
1198,257
1199,257
1200,257
1201,257
524,257
1202,257
1203,257
436,257
452,257
670,257
1204,257
1205,257
1178,257
1206,257
1207,257
518,257
528,257
1208,257
1209,257
1210,257
1211,257
1212,257
1213,257
1214,257
448,257
548,257
509,257
1215,257
549,257
1216,257
1131,257
2,257
1217,258
1218,259
241,260
1219,261
1220,261
1221,261
1222,261
1223,261
1224,261
1225,261
241,261
1226,262
1227,263
1228,264
1229,264
1230,264
1231,265
1232,265
1233,265
1234,265
1235,265
1236,265
1237,265
1238,265
1239,265
1240,265
1241,265
1242,265
1243,265
1244,265
1245,265
1246,265
1247,265
1248,265
1249,265
1250,265
1251,265
1252,265
1253,266
1254,267
1255,267
1256,267
1257,267
1258,267
1259,267
1260,267
1261,267
1262,267
2,268
1263,269
1264,270
1265,271
1266,272
1267,273
1268,273
1269,273
1270,273
1271,273
1272,273
1273,273
1274,273
1275,273
1276,273
1277,273
1278,273
1279,273
1280,274
1281,275
1282,276
1283,276
1284,277
1285,278
1286,279
1287,280
1288,280
1289,280
1290,280
1291,280
1292,280
1293,281
1294,281
1295,281
1296,281
1297,282
1298,282
1299,283
1300,284
1301,285
1302,286
1303,287
1304,287
172,288
1305,289
1306,289
1307,289
1308,289
1309,289
1310,289
1311,289
1312,289
1313,289
1314,289
1315,289
1316,289
1317,289
1318,289
1319,290
1068,291
1320,292
1321,292
1322,292
1323,292
2,292
1324,293
1325,294
1326,294
1327,295
1328,295
1329,296
241,296
1330,297
1331,298
1332,298
1333,299
1334,300
1335,301
1336,302
1337,302
1338,303
1339,304
1340,305
1341,305
1342,305
1343,305
1344,305
1345,305
1346,305
1347,306
1348,307
1349,307
1350,307
1351,307
1352,307
1353,307
1354,307
1355,307
1356,307
1357,307
1358,307
1359,307
1360,307
1361,307
1362,307
1363,307
1364,307
1365,307
1366,307
1367,307
1368,307
1369,307
1370,307
1371,307
1372,307
1373,307
1374,307
1375,307
1376,307
1377,307
1378,307
1379,307
1380,307
1381,307
1382,307
1383,307
1384,307
1385,307
1386,307
1387,307
1388,307
1389,307
1390,307
1391,307
1392,307
1393,307
1394,307
1395,307
1396,307
1397,307
1398,307
1399,307
1400,307
1401,307
1402,307
1403,307
1404,307
1405,307
1406,307
1407,307
1408,307
1409,307
1410,307
1411,307
1412,307
1413,307
1414,307
1415,307
1416,307
1417,307
1418,307
1419,307
1420,307
1421,307
1422,307
1423,307
1424,307
1425,307
1426,307
1427,307
1428,307
1429,307
1430,307
1431,307
1432,307
1433,307
1434,307
1435,307
1436,307
1437,307
1438,307
1439,307
1440,307
1441,307
1442,307
1443,307
1444,307
1445,308
1446,309
1447,310
1448,310
1449,310
1450,310
1451,310
1452,310
1453,310
1454,310
1455,310
1456,310
1457,310
1458,310
1459,310
1460,311
1461,312
1462,313
1463,314
1464,315
1465,315
1466,315
1467,315
1468,315
1469,315
1470,315
1471,316
1472,317
1473,318
1474,319
1475,319
1476,319
1477,320
1478,321
1479,322
1480,322
1481,322
1482,323
1483,324
1484,325
1485,325
1486,325
1487,325
1488,325
1489,325
1490,326
1491,327
1492,328
1493,329
1494,329
1495,330
1130,331
1496,331
1497,332
1498,333
1499,334
1500,335
1501,335
1502,336
1503,337
1504,338
1505,339
1506,340
1507,341
1508,342
807,343
807,344
1509,345
1510,346
1511,347
637,348
637,349
1512,350
1513,351
1514,352
1515,353
1516,354
1517,355
1518,356
1519,357
1520,358
1521,359
1522,360
2,360
1523,361
1524,361
1525,361
1526,361
1527,361
1528,361
1529,361
1530,361
1531,362
1532,363
1533,363
1534,364
1535,364
1536,364
1537,364
1538,364
1539,364
1540,364
1541,364
1542,364
1543,364
1544,364
1545,365
1546,366
1547,366
1548,366
1201,366
1549,366
1214,366
1550,366
1551,366
1552,366
1553,366
1554,366
1204,366
1555,366
1216,366
909,366
1556,366
1557,366
1558,366
898,366
1200,366
1559,366
1560,367
1127,368
1136,368
1561,368
1562,369
1563,369
1564,369
1565,369
1566,369
1567,370
1568,370
1569,370
1570,371
1571,372
1572,372
1573,373
1574,374
1575,374
1576,374
1577,375
1578,376
1129,377
1130,377
1126,377
1216,377
1579,377
1580,377
895,377
1581,377
1137,377
1496,377
1127,377
1197,377
1582,377
1133,377
1583,377
1584,377
1585,377
1135,377
1206,377
1207,377
1132,377
1586,377
1136,377
1587,377
1588,377
1555,377
1589,377
1204,377
1201,377
1205,377
1590,377
1591,377
1213,377
908,377
1592,377
1550,377
1593,377
1594,377
1594,378
1595,379
1596,380
171,381
1597,381
1598,381
1599,381
1600,381
1601,381
1602,381
1603,381
1604,381
1605,381
1606,381
1607,381
1608,381
1609,381
1610,381
1611,381
1612,381
1613,381
1614,381
1615,381
1616,381
1617,381
1618,381
1619,381
1620,381
1621,381
1622,382
1623,382
1624,382
1625,382
1626,382
1627,382
1628,382
1629,382
1630,382
1631,382
1632,382
1633,382
1634,382
1635,382
1636,382
1637,383
1638,384
1639,385
1640,386
1641,387
1642,388
1643,389
1644,390
1645,391
1646,392
1647,393
1648,394
1649,395
1650,396
1651,397
1652,398
1653,399
1654,400
1655,401
1656,402
1657,403
1658,404
1659,404
1660,404
1661,404
1662,405
1663,406
1664,406
1665,406
1666,406
1667,406
1668,406
1669,406
1670,406
1671,406
1672,406
1673,406
1674,406
1675,407
1676,408
1677,408
1678,408
1679,408
1680,408
1681,408
1682,408
1683,408
1684,408
1685,408
1686,408
1687,408
1688,408
1689,408
1690,409
1691,410
1692,411
1693,411
1694,411
1695,411
1696,411
1697,411
1698,411
1699,411
1700,411
1701,411
1702,411
1703,411
1704,411
1705,412
1706,413
1707,414
1708,414
1709,414
1710,414
1711,414
1712,414
1713,414
1714,414
1715,414
1716,414
1717,415
1718,415
1719,415
1720,416
172,417
1721,418
1722,418
1723,418
1724,418
1725,418
1135,419
1216,419
1561,419
1726,420
1727,420
1728,420
1729,420
1730,420
1731,420
1732,420
1733,420
1734,420
1735,420
1736,420
1737,420
1738,420
1739,420
1740,421
455,422
1741,422
1742,422
2,422
1743,423
1744,424
1745,425
1746,426
1747,426
1748,426
1749,426
1750,427
1751,428
1752,429
1753,430
1754,431
1755,432
1756,432
1757,432
1758,432
1759,433
1760,434
1761,434
1762,434
1763,434
1764,434
1765,434
1766,434
1767,434
1768,434
1769,434
1770,434
1771,434
1772,434
1773,434
1774,434
1775,434
1776,435
1777,435
1778,435
1779,435
1780,436
1781,436
1782,436
1783,436
1784,437
1785,437
1786,437
1787,437
1788,437
1789,437
1790,437
1791,437
1792,437
1793,437
1794,437
1795,437
1796,437
1797,437
1798,437
1799,437
1800,437
1801,437
1802,437
1803,437
1804,437
1805,437
1806,437
1807,437
1808,438
1809,438
1810,438
1811,439
1812,440
1813,441
1814,442
1815,442
1816,442
1817,442
1818,442
1819,442
1820,442
1821,442
1822,442
1823,442
2,443
1824,444
2,445
1825,446
1826,447
1827,448
1828,448
1829,448
1830,448
1831,448
1832,449
1833,450
241,450
1834,451
1835,451
1836,451
1837,451
1838,451
1839,451
1840,451
1841,451
1842,452
1843,453
1844,453
1845,453
1846,453
1847,453
1848,453
1849,453
1850,453
1851,453
1852,453
1853,454
1854,455
1855,455
1856,456
1857,457
1858,457
1859,458
1860,459
1861,459
241,459
1862,460
1863,460
1864,461
1865,462
241,463
1133,464
1581,464
1129,464
895,464
1866,464
1134,464
1128,464
1584,464
1867,465
1868,466
1869,467
1870,468
1871,468
1872,468
1873,468
1875,468
1877,468
1878,468
1880,468
1881,468
1882,468
1883,468
1884,468
1885,468
1886,468
1887,468
1888,468
1889,468
1890,468
1891,468
1892,468
1893,468
1894,468
1895,469
423,469
1896,469
1897,469
1898,469
1899,469
1900,469
1901,469
1211,469
1902,469
1903,469
1904,469
1905,469
1906,469
1907,469
1908,469
1909,469
1910,469
1911,469
1912,469
1913,469
1914,469
1915,469
1916,469
1917,469
1918,469
1919,469
1920,469
1921,469
1922,469
1923,469
1924,469
1925,469
1926,469
1927,469
1928,469
1929,469
1930,469
1931,469
1932,469
1933,469
1934,469
1935,469
1936,469
1937,469
1938,469
1939,469
1940,469
1941,469
1942,469
1943,469
1944,469
1945,469
1946,469
1947,469
1948,469
1949,469
404,469
1950,469
35,469
1951,469
172,470
1952,471
1953,471
1954,472
1955,473
1956,474
1957,475
1958,476
1959,477
1960,478
1961,478
1962,478
1963,478
1964,478
1965,478
1966,478
1967,478
1968,478
1969,478
1970,478
1971,478
1972,478
1973,478
1974,478
1975,478
1976,478
1977,478
1978,478
1979,478
1980,478
1981,478
1982,478
1983,478
1984,478
1985,478
1986,478
1987,478
1988,479
1989,480
1990,481
1991,482
1992,482
1993,482
1994,482
1995,483
1996,484
1997,485
1998,485
1999,486
2000,487
2001,487
2002,487
2003,488
2004,488
2005,488
2006,488
2007,488
2008,488
2009,488
2010,488
2011,488
2012,488
2013,488
2014,488
2015,488
2016,488
2017,488
2018,488
2019,488
2020,488
2021,488
2022,488
2023,488
2024,488
2025,488
2026,488
2027,488
2028,488
2029,488
2030,488
2031,488
2032,488
2033,488
2034,488
2035,488
2036,488
2037,488
2038,488
2039,488
2040,488
2041,488
2042,488
2043,488
1354,488
2044,488
2045,489
2046,490
2047,490
2048,490
2049,490
2050,490
2051,490
2052,490
2053,490
2054,490
2055,490
2056,490
2057,490
2058,490
2059,490
2060,490
2061,490
2062,490
2063,490
2064,490
2065,490
2066,490
2067,490
2068,490
2069,490
2070,490
2071,491
2072,491
2073,491
2074,491
2075,491
2076,491
2077,491
2078,491
2079,491
2080,491
2081,492
2082,492
2083,492
2084,492
2085,492
2086,492
2087,492
2088,492
2089,492
2090,492
2091,492
2092,492
2093,492
2094,492
2095,492
2096,492
2097,492
2098,492
2099,492
2100,492
755,492
2101,493
2102,494
2103,495
2104,496
2105,497
2106,497
2107,498
2108,499
2109,500
2110,190
2111,501
2112,502
2113,502
2114,502
2115,502
2116,502
2117,502
2118,502
2119,502
2120,502
2121,502
2122,502
2123,502
2124,502
2125,502
2126,502
2127,502
2128,502
2129,502
2130,503
2131,504
2132,505
2133,505
2134,506
2135,506
2136,506
2137,506
2138,506
2139,507
2140,508
2141,509
2142,510
2143,511
302,512
299,512
2144,512
2145,512
2146,512
2147,512
807,513
2148,513
2149,513
2150,513
2151,513
2152,513
2153,513
2154,513
2155,513
2156,513
2157,513
2158,513
2159,513
2160,513
2161,513
2162,513
2163,513
2164,513
2165,513
2166,513
2167,513
2168,513
2169,513
2170,513
2171,513
2172,513
2173,514
2174,515
2175,515
2176,515
2177,515
2178,515
2179,515
2180,515
2181,515
2182,515
2183,515
2184,515
2185,515
2186,515
2187,516
2188,516
2189,516
2190,516
2191,516
2192,516
2193,516
2194,516
2195,516
2196,516
2197,516
2198,517
2199,518
2200,518
2201,519
2202,519
2203,519
2204,519
2205,519
2206,519
2207,519
2208,222
2209,222
2210,222
2211,222
2212,222
2213,222
2214,222
2215,222
2216,222
2217,222
2218,222
2219,222
2220,222
2221,222
2222,222
2223,222
2224,222
2225,222
2226,222
2227,222
2228,222
2229,222
2230,222
2231,222
2232,222
2233,222
2234,520
2235,521
1068,522
2236,523
172,524
807,524
1168,525
2237,525
1155,525
2238,525
466,525
903,525
527,525
1178,525
2239,525
445,525
2240,525
905,525
519,525
739,525
2241,525
510,525
457,525
495,525
451,525
901,525
2242,525
2243,526
2244,526
2245,526
2246,526
2247,527
2248,528
2249,529
2250,530
2,531
2251,532
2252,532
2253,532
2254,533
2255,533
2256,533
2257,533
2258,533
2259,533
2260,533
2261,534
2262,535
2263,535
2264,536
2265,537
2266,537
2267,537
2268,537
1134,537
2269,537
2270,537
2271,537
2272,538
2273,538
2274,538
2275,538
2276,538
2277,538
2278,538
2279,538
2280,538
2281,538
2282,538
2283,538
2284,538
2285,538
2286,538
2287,539
2288,540
2289,540
2290,541
2,541
